{"train": [5.161504034381295, 5.072167316795642, 5.056481964496785, 5.046069128588101, 5.039210287951426], "val": [5.04419651678053, 5.030162795115325, 5.015506510007179, 5.010598562531552, 5.005963818501618]}